usuario,fecha,texto,rating
sofia452,2026-06-19,"  Muy recomendada, la función de backup es justo lo que necesitaba. Me encanta FlowApp, sobre todo la app en tablet, la uso todos los días 👏  ",5
sofia843,2026-06-08,"Increible experiencia de principio a fin, sin ningún problema",5
gabriel164,2026-06-26,BIEN,4
sofia932,2026-07-07,"Excelente la interfaz, funciona perfecto y sin fallas. Excelente los anuncios, funciona perfecto y sin fallas!",5
camila940,2026-06-26,"Perfecta, no le cambiaría nada, el soporte al cliente funciona genial 👏",5
nicolas254,2026-06-22,"  MUY RECOMENDADA, LA INTERFAZ ES JUSTO LO QUE NECESITABA  ",5
juan911,2026-07-01,"Muy buena app, aunque el buscador interno podría mejorar un poco! 😐",4
renata88,2026-07-10,"  Excelente los anuncios, funciona perfecto y sin fallas. Excelente la velocidad de carga, funciona perfecto y sin fallas  ",5
camila230,2026-05-25,"Perfecta, no le cambiaria nada, la funcion de backup funciona genial. Simplemente la mejor, las actualizaciones nunca me fallo!",5
luciana472,2026-05-22,"Cumple lo que promete, el modo oscuro anda bien la mayoría del tiempo",4
fernanda590,2026-06-05,"BASTANTE  CONFORME, EL LOGIN ES SOLIDO AUNQUE NO PERFECTO 😐",4
juan226,2026-06-20,"Muy buena app, aunque el widget de inicio podría mejorar un poco. Me gusta bastante, la interfaz funciona bien casi siempre 🔥",4
alejandro506,2026-06-16,"  Excelente las notificaciones, funciona perfecto y sin fallas!!!  ",5
gabriel197,2026-06-03,"  NO ME CONVENCIO, EL BUSCADOR INTERNO FALLA SEGUIDO  ",2
renata192,2026-06-22,"Bastante conforme, la batería es ssólido aunque no perfecto!",4
valeria875,2026-05-07,"Muy buena app, , aunque la velocidad de carga podría mejorar un poco 👏",4
carolina765,2026-06-27,"No me convencio, el modo oscuro falla seguido 😡",2
paula312,2026-05-10,Muy buena,4
martin827,2026-05-05,Contento con la app 🔥 😐,4
camila846,2026-06-02,Bien,4
paula471,2026-06-09,"  Excelente LA velocidad de carga, funciona perfecto y sin fallas...  ",
juan808,2026-07-04,"Cumple lo que promete, el buscador interno anda bien la mayoría del tiempo?? 🤔",4
camila179,2026-06-05,"Ni fu ni fa, , esperaba más de el widget de inicio",3
andres245,2026-05-06,"INCREÍBLE EXPERIENCIA DE PRINCIPIO A FIN, SIN NINGÚN PROBLEMA 💯!!!",5
gabriel290,2026-05-14,"Perfecta, no le cambiaria naada, la bateria funciona genial 😐",5
diego159,2026-05-08,"Me encanta FlowApp, sobre todo las notificaciones, la uso todos los días. Simplemente la mejor, la velocidad de carga nunca me falló",5
diego427,2026-05-03,"Increíble EXPERIENCIA de principio a fin, sin ningún problema",5
sofia569,2026-06-29,"  ME ENCANTA FLOWAPP, SOBRE TODO LAS NOTIFICACIONES, LA USO TODOS LOS DÍAS!  ",5
carolina368,2026-05-26,"Recomendada, , aunque esperaba un poco más de el modo oscuro...",4
alejandro538,2026-07-05,,4
valeria229,2026-05-01,Ni fu ni fa!!,3
fernanda144,2026-06-26,Bien 💯,4
andres833,2026-06-16,"  Es una app promedio, los anuncios funciona a veces y a veces no  ",3
juan994,2026-06-08,"Diez de diez, el precio de la suscripcion supero mis expectativas totalmente",5
camila355,2026-06-23,10/10,5
diego191,2026-05-09,"  Pesima experiencia, el soporte al cliente no funciona para nada. No la recomiendo, perdi tiempo y dinero por las alertas push!  ",1
camila953,2026-05-14,,5
alejandro520,2026-06-01,"  Buena experiencia en general, solo tuve un problemita con el soporte al cliente 😍   🤔",4
luciana151,2026-05-03,"Buena experiencia en general, solo tuve un problemita con las alertas push!!",4
renata996,2026-06-13,"Diez de diez, , las alertas push superó mis expectativas totalmente. Increíble experiencia de principio a fin, , sin ningún problema",5
camila463,2026-06-26,"  INCREÍBLE EXPERIENCIA DE PRINCIPIO A FIN, SIN NINGÚN PROBLEMA 😍...  ",5
paula153,2026-07-08,"Simplemente la mejor, el modo oscuro nunca me fallo. Excelente el precio de la suscripcion, funciona perfecto y sin fallas.",5
camila683,2026-05-07,"Cumple lo BÁSICO nada más, , la app en tablet necesita trabajo. Está bien pero la sincronización le falta pulir",-1
mateo553,2026-05-04,"  ME ENCANTA FLOWAPP, SOBRE TODO LA FUNCION DE BACKUP, LA USO TODOS LOS DIAS. INCREIBLE EXPERIENCIA DE PRINCIPIO A FIN, SIN NINGUN PROBLEMA!  ",5
mateo874,2026-06-28,"Me gusta bastante, las alertas push funciona BIEN cassi siempre",4
sofia782,2026-05-21,,5
diego744,2026-06-04,  MUY BUENA!!  ,4
gabriel563,2026-05-27,"  MUY BUENA APP, AUNQUE LA APP EN TABLET PODRÍA MEJORAR UN POCO  ",4
camila157,2026-05-06,"La mejor app que probé en mucho tiempo, la velocidad de carga funciona increíble",5
camila541,2026-06-04,"  Excelente la batería, funciona perfecto y sin fallas. Excelente el buscador interno, funciona perfecto y sin fallas...  ",5
valeria458,2026-05-20,"Simplemente la mejor, el soporte al cliente nunca me falló 🔥!!!",5
gabriel645,2026-06-20,"Ni fu ni fa, esperaba mas de las actualizaciones",3
sofia647,2026-07-07,"   BUENA EXPERIENCIA EN GENERAL, SOLO TUVE UN PROBLEMITA CON LAS NOTIFICACIONES!!!   ",4
paula207,2026-07-10,"Regular, tiene cosas buenas pero la velocidad de carga me genero dudas.",3
luciana964,2026-06-08,  No me gusto...   😐,
valentina367,2026-06-16,"Cumple lo que promete, los anuncios anda bien la mayoría del tiempo",4
andres883,2026-05-12,"Tuve varios inconvenientes con las actualizaciones, no fue buena  experiencia",2
renata292,2026-06-19,"Increíble experiencia de principio A fin, sin ningún problema!!",5
gabriel994,2026-05-22,"  BASTANTE CONFORME, LA BATERÍA ES SÓLIDO AUNQUE NO PERFECTO. CUMPLE LO QUE PROMETE, LAS NOTIFICACIONES ANDA BIEN LA MAYORÍA DEL TIEMPO  ",4
santiago360,2026-06-29,"Muy recomendada, , las notificaciones es justo lo que necesitaba",5
paula247,2026-05-26,"La mejor app que probé en mucho tiempo, las notificaciones funciona increíble ⭐️⭐️⭐️⭐️⭐️",5
nicolas19,2026-05-09,  Está bien pero el widget de inicio le falta pulir 😐  ,3
valentina913,2026-06-20,,3
diego794,2026-05-13,"Excelente la función de backup, funciona perfecto y sin fallas 👏",5
diego395,2026-06-07,"Diez de diez, la velocidad de carga superó mis expectativas totaalmente!!",5
sofia718,2026-05-04,Recomendada.,4
fernanda565,2026-05-06,"  La peor app que probe, la función de backup es un desastre. Terrible, el buscador interno se rompe constantemente.  ",1
sofia402,2026-05-07,,5
diego263,2026-07-03,"MUY BUENA APP, AUNQUE LA INTERFAZ PODRIA MEJORAR UN POCO",4
camila53,2026-07-10,Normal 😐!!,3
renata278,2026-05-29,"  Ni fu ni fa, esperaba más dde las notificaciones!  ",3
santiago749,2026-05-10,"  Me encanta FlowApp, sobre todo el login, la uso todos los días. La mejor app que probé en mucho tiempo, las notificaciones funciona increíble 😍??  ",5
juan122,2026-05-25,  Bien   🤔,4
carolina722,2026-06-15,Regular,3
diego832,2026-05-26,"  Ni fu ni fa, esperaba más de el soporte al cliente. Cumple lo básico nada más, la funcion de backup necesita trabajo  ",
martin908,2026-05-11,"Recomendada, aunque esperaba un poco más de la batería",4
camila36,2026-05-25,"Increíble experiencia de principio a fin, sin ningún problema. La mejor app que probé en mucho tiempo, el LOGIN funciona increíble!!",5
valeria229,2026-05-01,Ni fu ni fa!!,3
sofia704,2026-07-04,"  Diez de diez, , la sincronización superó mis expectativas totalmente. Diez de diez, , el buscador interno superó mis expectativas totalmente  ",5
emiliano982,2026-06-18,"No me convenció, el modo oscuro falla seguido",2
alejandro973,2026-05-09,"  PERFECTA, NO LE CAMMBIARÍA NADA, LA INTERFAZ FUNCIONA GENIAL...  ",5
fernanda107,2026-07-03,"Excelente el buscador interno, funciiona perfecto y sin fallas",5
sofia76,2026-05-15,"Me encanta FlowApp, sobre todo el login, la uso todos los días. Me encanta FlowApp, sobre todo el login, la uso todos los días 😐",5
diego396,2026-07-05,"Cumple lo que promete, la batería anda bien la mayoría del tiempo. Buena experiencia en general, solo tuve un problemita con la interfaz 🙌",4
carolina497,2026-07-01,"  Me gusta bastante, el buscador interno funciona bien casi siempre.  ",4
carolina451,2026-05-09,Muy buena 🤔,4
santiago581,2026-06-20,"Es una app promedio, la sincronización funciona a veces y a veces no",0
alejandro297,2026-05-24,"Excelente la velocidad de carga, funciona perfecto y sin fallas. 😐",5
santiago861,2026-06-27,"  MUY BUENA APP, AUNQUE LA VELOCIDAD DE CARGA PODRÍA MEJORAR UN POCO. MUY BUENA APP, AUNQUE EL SOPORTE AL CLIENTE PODRÍA MEJORAR UN POCO  ",4
paula771,2026-05-21,"Muy buena app, aunque las notificaciones podria mejorar un poco!!",4
santiago177,2026-05-05,"Increíble experiencia de principio a fin, sin ningún pproblema 😐",5
valentina378,2026-06-23,,3
paula436,2026-06-09,"  Increíble experiencia de principio a fin, sin ningún problema. La mejor app que probé en mucho tiempo, las alertas push funciona increíble ⭐️⭐️⭐️⭐️⭐️??  ",5
luciana218,2026-05-13,BIEN,4
sofia358,2026-05-04,,3
sofia874,2026-06-25,"Muy recomendada, la interfaz es justo lo que neceesitaba 👏...",5
mateo201,2026-06-01,"Excelente las alertas push, funciona perfecto y sin fallas 💯",5
andres854,2026-07-03,"Cumple lo básico nada más, la funcion de backup necesita trabajo 🤔!!!",3
valeria470,2026-06-12,"PERFECTA, no le cambiaría nada, los anuncios funciona genial 🙌.",
gabriel467,2026-06-13,"SIMPLEMENTE LA MEJOR, EL SOPORTE AL CLIENTE NUNCA ME FALLO",5
santiago477,2026-05-29,"Muy recomendada, la batería es justo lo que necesitaba!",5
sofia397,2026-06-11,"Increíble experieencia de principio a fin, sin ningún problema 💯!!",5
emiliano702,2026-05-04,"Me encanta FlowApp, sobre todo el login, la uso todos los días. Muy recomendada, los anuncios es justo lo que necesitaba",5
nicolas768,2026-05-12,"Perfecta, no le cambiaría nada, la interfaz funciona genial. La mejor app que probé en mucho tiempo, la función de backup funciona increíble",5
juan882,2026-06-21,"Buena experiencia en general, solo tuve un problemita con la función de backup 🔥 😐",4
valeria201,2026-05-14,"  Está bien pero las actualizaciones le falta pulir. Regular, tiene cosas buenas pero el widget de inicio me generó dudas 😐!  ",3
mateo142,2026-06-01,"Diez de diez, , el widget de inicio superó mis expectativas totalmente. Increíble EXPERIENCIA de principio a fin, , sin ningún problema. 🤔",5
valentina556,2026-06-04,"Perfecta, no le cambiaria nada, el logiin funciona genial",5
sofia426,2026-06-15,ESPEERABA MAS!! 😐,2
diego623,2026-06-15,"Regular, tiene cosas BUENAS pero la app en tablet me generó dudas. Es una app promedio, el login funciona a veces y a veces no",-1
juan741,2026-06-12,"  Bastante decepcionante, sobre todo la app en tablet  ",2
luciana747,2026-06-16,"  CUMPLE LO BÁSICO NADA MÁS, LAS NOTTIFICACIONES NECESITA TRABAJO 🤔  ",3
alejandro516,2026-06-17,"Me gusta bastante, la función de backup funciona bien casi siempre. Me gusta bastante, el login funciona bien casi siempre 😐",4
daniela419,2026-07-08,"NO LA RECOMIENDO, PERDÍ TIEMPO Y DINERO POR LAS ACTUALIZACIONES 😞",1
gabriel681,2026-05-29,"  Bastante decepcionante, sobre todo las actualizaciones!!  ",2
santiago344,2026-05-02,  Muy buena  ,4
daniela336,2026-06-08,"Me encanta FlowApp, sobre todo las alertas push, la  uso todos los días",5
juan873,2026-05-23,"Regular, tiene cosas buenas pero la app en tablet me generó dudas. Ni fu ni fa, esperaba más de la batería 😐!",3
paula806,2026-05-01,  RECOMENDADA  ,4
fernanda425,2026-07-03,"Bastante conforme, el login es sólido aunque no perfecto. Cumple lo que promete, el widget de inicio anda bien la mayoría del tiempo!",4
daniela994,2026-06-16,"  Bastante decepcionante, sobre todo la interfaz 😞  ",2
santiago759,2026-05-26,"  Excelente la veloccidad de carga, funciona perfecto y sin fallas  ",5
daniela985,2026-06-26,"Bastante decepcionante, sobre todo el login",2
paula737,2026-05-06,"Perfecta, no le cambiaría nada, la batería funciona genial. Me encanta FlowApp, sobre todo el soporte al cliente, la uso todos los días",5
santiago466,2026-06-02,"No me convenció, el buscador interno falla seguido. Bastante decepcionante, sobre todo la app en tablet 😞",2
carolina549,2026-05-06,"  Ni fu ni fa, esperaba más de el soporte al cliente. Cumple lo básico nada más, el soporte al cliente necesita trabajo!  ",3
emiliano55,2026-07-09,"  Me encanta FlowApp, sobre todo la funcion de backup, la uso toddos los dias  ",5
carolina830,2026-07-02,"Recomendada, aunque esperaba un POCO mas de los anuncios",4
camila690,2026-05-23,Podria mejorar,3
fernanda361,2026-05-13,  No ME gusto  ,2
sofia505,2026-07-09,"Muy recomendada, , LA interfaz es justo lo que necesitaba!!!",5
juan385,2026-05-05,"Excelente las actualizaciones, , funciona perfecto y sin fallas. La mejor app que probe en mucho tiempo, , el modo oscuro funciona increíble",5
gabriel120,2026-05-12,"Bastante conforme, , el buscador interno es sólido aunque no perfecto 😐",4
fernanda771,2026-07-07,,5
diego194,2026-05-13,Me encanta,5
mateo234,2026-05-31,  Regular??  ,3
camila111,2026-05-02,Perfecta,5
camila719,2026-05-28,"Muy buena app, aunque los anuncios podría mejorar un poco",4
fernanda339,2026-05-09,"  Excelente la batería, funciona perfecto y sin fallas. Me ENCANTA FlowApp, sobre todo el modo oscuro, la uso todos los días  ",5
fernanda888,2026-06-17,"Es una app promedio, la app en tablet funciona a veces y a veces no",6
alejandro940,2026-05-09,"Tuve varios inconvenientes con el precio de la suscripción, no fue buena experiencia. Bastante decepcionante, sobre todo la bateria 👎",2
juan436,2026-06-02,La amo??,5
renata815,2026-06-02,,2
fernanda907,2026-05-10,"Muy buena app, , aunque la batería podría mejorar un poco! 🤔",4
valentina658,2026-07-01,"Perfecta, no le cambiaría nada, el widget de inicio funciona genial!!",5
alejandro432,2026-05-06,"NO ME CONVENCIÓ, EL MODO OSCURO FALLA SEGUIDO!!! 😐",2
diego518,2026-06-02,"La mejor app que probé en mucho tiempo, , la batería funciona increíble!!",5
emiliano408,2026-05-13,"  LA PEOR APP QUE PROBÉ, EL LOGIN ES UN DESASTRE. MUY MALA, LAS ACTUALIZACIONES DIRECTAMENTE NO SIRVE.  ",1
valentina567,2026-05-25,"La mejor app que probe en mucho tiempo, los anuncios funciona increíble. Perfecta, no le cambiaría nada, el widget de inicio funciona genial!",5
emiliano5,2026-05-19,"Ni fu ni fa, esperaba más de el modo oscuro??",3
paula711,2026-06-23,"Decepcionante total, las notificaciones arruina TODA la experiencia",1
camila954,2026-05-31,  Excelente!!  ,5
paula247,2026-05-26,"La mejor app que probé en mucho tiempo, las notificaciones funciona increíble ⭐️⭐️⭐️⭐️⭐️",5
carolina482,2026-06-10,"  Bastante conforme, la velocidad de carga es sólido aunque no perfecto   🤔",4
fernanda687,2026-06-02,"Esperaba más, , el widget de inicio deja mucho que desear. Tuve varios inconvenientes con la batería, , no fue buena experiencia",2
gabriel438,2026-06-10,"  Recomendada, aunque esperaba un poco más de la función de backup. Me gusta bastante, la interfaz funciona bien casi siempre 👏!  ",4
camila56,2026-06-24,"PERFECTA, NO LE CAMBIARIA NADA, EL PRECIO DE LA SUSCRIPCION FUNCIONA GENIAL.",5
fernanda132,2026-06-06,"Recomendada, aunque esperaba un poco más de la velocidad de carga!!!",4
andres314,2026-07-09,"No la recomiendo, peerdí tiempo y dinero por las actualizaciones. Muy mala, la sincronización directamente no sirve 😐",1
renata857,2026-05-23,"  Recomendada, aunque esperaba un poco más de la batería. Buena experiencia en general, solo tuve un problemita con la app en tablet!!  ",4
daniela345,2026-06-22,"  Muy mala, , la interfaz directamente no sirve  ",1
fernanda144,2026-06-26,Bien 💯,4
luciana261,2026-06-03,"  No la recomendaría del todo, el widget de inicio tiene muchos problemas!  ",2
gabriel496,2026-05-09,"Perfecta, , no le cambiaría nada, , los anuncios funciona genial 🔥",5
emiliano50,2026-06-17,"  Cumple lo que promete, , las alertas push anda bien la mayoría del tiempo!!!  ",4
emiliano521,2026-06-27,Contento con la app,4
mateo799,2026-06-07,"  Muy recomendada, la funcion de backup es justo lo que necesitaba. Muy recomendada, el soporte al cliente es justo lo que necesitaba   🤔",5
gabriel850,2026-07-06,"  Recomendada, aunque esperaba un poco más de la interfaz. Buena experiencia en general, solo tuve un problemita con el login  ",4
santiago749,2026-05-10,"  Me encanta FlowApp, sobre todo el login, la uso todos los días. La mejor app que probé en mucho tiempo, las notificaciones funciona increíble 😍??  ",5
nicolas298,2026-07-09,"Recomendada, aunque esperaba un poco más de la función de backup",4
luciana712,2026-05-13,,2
andres916,2026-06-11,"Perfecta, , no le cambiaría nada, , las alertas push funciona genial 👏",5
sofia779,2026-06-17,"  Me gusta bastante, la función de backup funciona bien casi siempre  ",4
santiago7,2026-07-05,"Me gusta bastante, la funcion de backup funciona bien casi siempre ⭐️⭐️⭐️⭐️⭐️ 😐",4
mateo247,2026-07-09,"  Muy recomendada, el login es justo lo que necesitaba  ",5
luciana594,2026-07-01,"Muy buena app, , aunque la interfaz podria mejorar un poco",4
renata976,2026-05-19,"La mejor app que probé en mucho tiempo, el precio de la suscripción funciona increíble",5
paula563,2026-06-05,"Regular, , TIENE cosas buenas pero las actualizaciones me generó dudas!!",3
renata970,2026-06-23,"La mejor app que probé en mucho tiempo, la interfaz funciona increíble. Muy recomendada, el precio de la suscripción es justo lo que necesitaba",5
carolina717,2026-06-03,"Es una app promedio, , la interfaz funciona a veces y a veces NO??",3
renata823,2026-05-04,"TUVE VARIOS INCONVENIENTES CON LAS ACTUALIZACIONES, NO FUE BUENA EXPERIENCIA 👎!!!",2
paula291,2026-05-15,"  Muy buena app, aunque la app en tablet podría mejorar un poco   🤔",4
daniela507,2026-06-24,"Terrible, la velocidad de carga SE rompe constantemente.",1
paula868,2026-05-07,"ME gusta bastante, la función de backup funciona bien casi siempre. Recomendada, aunque esperaba un poco más de el login...",4
valentina185,2026-06-16,"Muy buena app, aunque el login podría mejorar un poco 😐",4
sofia362,2026-06-22,"Muy recomendada, los anuncios es justo lo que necesitaba",5
paula112,2026-06-03,"Increible experienciaa de principio a fin, sin ningun problema",5
paula516,2026-07-03,"Bastante conforme, , los anuncios es sólido aunque no perfecto. Buena experiencia en general, , solo tuve un problemita con el modo oscuro 👏.",4
fernanda639,2026-06-07,"Muy buena APP, aunquue la batería podría mejorar un poco!!",4
renata977,2026-06-19,"No la recomendaría del todo, las alertas push tiene muchos problemas. No la recomendaría del todo, el precio de la suscripción tiene muchos problemas 😞!!!",2
martin685,2026-05-27,"Simplemente la mejor,  el precio de la suscripción nunca me falló 👏",5
renata635,2026-05-05,"Muy buena app, aunque las actualizaciones podría mejorar un poco. Recomendada, aunque esperraba un poco más de la app en tablet",4
santiago587,2026-05-29,"Bastante conforme, la función de backup es sólido aunque no perfecto!",4
martin177,2026-05-08,"Diez de diez, , las alertas push supero mis expectativas totalmente",5
carolina152,2026-05-13,"Tuve varios inconvenientes con la app en tablet, no fue buena experiencia. No la recomendaría del todo, la velocidad de carga tiene muchos problemas",2
gabriel79,2026-05-06,"Me gusta bastante, el soporte al cliente funciona bien casi siempre. 🤔",4
valentina267,2026-05-11,  Esta bien pero el modo oscuro le falta pulir   🤔,3
mateo882,2026-06-28,"Es una app promedio, el login funciona a veces y a vecces no 🤔",3
nicolas735,2026-06-20,"Ni fu ni fa, esperaba más de la batería. Está bien pero las notificaciones le falta pulir",3
fernanda340,2026-05-01,"Bastante conforme, las alertas push es solido aunque no perfecto...",4
diego559,2026-07-05,  Está bien pero LAS notificaciones le falta pulir  ,3
carolina992,2026-05-19,"  RECOMENDADA, AUNQUE ESPERABA UN POCO MÁS DE LA VELOCIDAD DE CARGA??   🤔",4
martin180,2026-05-02,"Me encanta FlowApp, SOBRE todo la app en tablet, la uso todos los días!",5
carolina958,2026-07-03,"Increíble experiencia de principio a fin, sin ningún problema. Increíble experiencia de princiipio a fin, sin ningún problema",5
fernanda478,2026-05-08,"Me gusta bastante, , la interfaz funciona bien casi siempre",4
camila278,2026-06-07,"Es una app  promedio, las actualizaciones funciona a veces y a veces no",3
alejandro408,2026-06-08,"  Cumple lo que promete, la función de backup anda bien la mayoría del tiempo  ",4
valeria963,2026-06-16,"Me encanta FlowApp, sobre todo el precio de la suscripción, la uso todos los días!!!",5
paula178,2026-06-05,"Terrible, la velocidad de carga se rompe constantemente 🙄",1
gabriel94,2026-06-10,"Ni fu ni fa, , esperaba más de el soporte al cliente",3
alejandro218,2026-06-11,"  Pésima experiencia, el widget de INICIO no funciona para nada  ",1
renata728,2026-05-06,"Diez de diez, los anuncios superó mis expectativas totalmente 🙌??",5
valentina196,2026-06-08,"Muy recomendada, la interfaz es justo lo que necesitaba 👏??",5
valeria652,2026-07-10,"Muy recomendada, la velocidad de carga es justo lo que necesitaba",5
martin170,2026-07-02,"  Buena experiencia en general, solo tuve un problemita con la función de backup??  ",4
luciana983,2026-05-27,"Cumple lo que promete, , el soporte aal cliente anda bien la mayoría del tiempo",4
andres119,2026-05-12,"  Muy buena app, aunque la velocidad de carga podría mejorar un poco. Bastante conforme, la función de backup es sólido aunque no perfecto  ",4
alejandro363,2026-07-05,"  La peor app que probé, el buscador interno es un desastre   😐",1
diego506,2026-05-01,  Recomendada??  ,4
juan730,2026-06-07,"Recomendada, , aunque esperaba un poco MÁS de las actualizaciones!!",4
martin410,2026-06-02,"  Muy buena app, , aunque el login podría mejorrar un poco  ",4
fernanda145,2026-06-05,"  La mejor app que probé en mucho tiempo, la app en tablet funciona increíble   🤔",5
santiago48,2026-05-18,"Terrible, , la batería se rompe constantemmente 🤔",1
sofia198,2026-06-10,Bien 💯,4
daniela319,2026-07-06,"  Bastante  conforme, el modo oscuro es sólido aunque no perfecto. Buena experiencia en general, solo tuve un problemita con la interfaz  ",4
santiago349,2026-06-13,"Me encanta FlowApp, , sobre todo las alertas push, , la uso todos los dias. Diez de diez, , las actualizaciones superó mis expectativas totalmente",5
valentina672,2026-06-07,Esta bien pero los anuncios le falta pulir 😐 🤔,3
nicolas147,2026-06-02,"SIMPLEMENTE LA MEJOR, LA INTERFAZ NUNCA ME FALLÓ 💯",5
mateo471,2026-06-16,"  Tuve varios inconvenientes con el precio de la suscripcion, no fue buena experiencia 😡  ",2
renata740,2026-07-03,"Muy buena app, aunque la interfaz podria mejorar un poco 👏!!",4
camila578,2026-06-09,"Muy buena app, aunque el buscador interno podría mejorar un poco",4
camila745,2026-05-08,"Me gusta bastante, la interfaz funciona bien casi siempre 👏",4
valeria631,2026-07-04,"Ni fu ni fa, esperaba mas de las notificaciones. Regular, tiene cosas buenas pero el precio de la suscripcion me genero dudas",3
diego721,2026-05-17,"   SIMPLEMENTE LA MEJOR, LA APP EN TABLET NUNCA ME FALLÓ!!!   ",5
diego39,2026-06-06,"Decepcionante total, el login arruina toda la experiencia",1
gabriel745,2026-05-05,"No la recomiendo, perdí tiempo y dinero por el modo oscuro",1
nicolas690,2026-05-09,10/10,5
santiago967,2026-06-28,Regular...,3
daniela147,2026-06-20,"MUY RECOMENDADA, EL LOGIN ES JUSTO LO QUE NECESITABA!",5
martin697,2026-06-01,,3
santiago482,2026-05-26,"REGULAR, TIENE COSAS BUENAS PERO EL LOGIN ME GGENERÓ DUDAS",3
andres76,2026-06-30,Bien. 🤔,4
sofia405,2026-05-07,MUY BUENA??,4
gabriel866,2026-06-09,"Decepcionante total, la batería arruina toda la experiencia 🤔",
juan292,2026-07-04,Excelente!! ⭐️⭐️⭐️⭐️⭐️!! 😐,5
fernanda846,2026-05-31,"Muy buena app, aunque la batería podría mejorar un poco",4
luciana771,2026-07-09,"Excelente el buscador interno, funciona perfectto y sin fallas 😐",5
luciana68,2026-06-05,"BASTANTE CONFORME, LA BATERÍA ES SÓLIDO AUNQUE NO PERFECTO. RECOMENDADA, AUNQUE ESPERABA UN POCO MÁS DE LAS NOTIFICACIONES",4
andres483,2026-06-28,"  Muy recomendada, el buscador interno es justo lo que necesitaba. Simplemente la mejor, el modo oscuro nunca me falló 🙌  ",5
carolina271,2026-05-14,"Recomendada, aunque esperaba un poco más de las alertas push. Cumple lo que promete, el modo oscuro anda bien la mayoría del tiempo 😍 🤔",4
andres642,2026-06-04,"  Pesima experiencia, el soporte al cliente no funciona para nada. Muy mala, el soporte al cliente directamentte no sirve!!  ",1
alejandro371,2026-07-03,"  Me gusta bastante, la función de backup funciona bien casi siempre. Cumple lo que promete, la velocidad de carga anda bien la mayoria del tiempo!!!  ",4
valentina821,2026-06-09,"  Es una app promedio, , la app en tablet funciona a veces y a veces no. Cumple lo básico nada más, , la velocidad de carga necesita trabajo!!  ",3
valentina519,2026-06-17,"Simplemente la mejor, la app en tablet nunca me falló",5
carolina678,2026-06-28,"Buena experiencia en general, solo tuve un problemita con el buscador interno. Muy buena app, aunque la velocidad de carga podría mejorar un poco 😐",4
paula64,2026-05-25,No mee gusto!!!,2
paula374,2026-05-29,"  Perfecta, no le cambiaria nada, el widget de inicio funciona genial  ",5
carolina172,2026-07-07,"Perfecta, no le cambiaría nada, LAS alertas push funciona genial",5
mateo26,2026-06-19,"Muy mala, el widget de inicio directamente no sirve",1
luciana946,2026-05-04,"  NO LA RECOMIENDO, PERDÍ TIEMPO Y DINERO POR EL LOGIN  ",1
juan352,2026-06-23,"Muy recomendada, el precio de la suscripción es JUSTO lo que necesitaba",5
carolina358,2026-05-01,Bien,4
sofia896,2026-06-18,"Es una app promedio, , las actualizaciones funciona a veces y a veces no. Cumple lo básico nada más, , el widget de inicio necesita trabajo 😐",3
camila103,2026-05-18,"Cumple lo basico nada mas, el modo oscuro necesita trabajo??",3
camila353,2026-05-25,"BASTANTE DECEPCIONANTE, , SOBRE TODO LAS NOTIFICACIONES. BASTANTE DECEPCIONANTE, , SOBRE TODO EL WIDGET DE INICIO...",2
valeria552,2026-06-04,"MUY BUUENA APP, AUNQUE EL LOGIN PODRÍA MEJORAR UN POCO 🙌",4
fernanda75,2026-06-07,"Excelente las alertas push, funciona perfecto y sin fallas",5
andres116,2026-06-29,Recomendada 👏,4
camila282,2026-07-08,"Increíble experiencia de principio a fin, sin ningún problema 💯??",5
renata416,2026-06-26,"ME GUSTA BASTANTE, LAS NOTIFICACIONES FUNCIONA BIEN CASI SIEMPRE. BASTANTE CONFORME, LA BATERÍA ES SÓLIDO AUNQUE NO PERFECTO 😍",4
andres569,2026-07-04,,5
mateo216,2026-06-23,"Ni fu ni fa, esperaba más de las actualizaciones. Ni fu ni fa, esperaba más de la función de BACKUP",7
sofia628,2026-05-25,"Es una app promedio, el login funciona a veces y a veces no. Cumple lo básico nada más, la app en tablet necesita trabajo?? 😐",3
sofia645,2026-06-15,3.5,3
martin261,2026-07-02,"Ni fu ni fa, esperaba más de el busccador interno 🤔",3
carolina889,2026-05-16,"Cumple lo que promete, la batería anda bien la mayoría del tiempo. Buena eexperiencia en general, solo tuve un problemita con el modo oscuro",4
valeria112,2026-05-29,"  Recomendada, aunque esperaba un poco más de la interfaz??  ",4
luciana141,2026-06-12,"La mejor app que probé en mucho tiempo, , el modo oscuro funciona increible. Excelente la funcion de backup, , funciona perfecto y sin fallas 😍",5
nicolas254,2026-06-09,PERFECTA,5
valentina475,2026-05-06,"  Decepcionante total, la sincronización arruina toda la experiencia  ",1
paula986,2026-05-20,"Bastante decepcionante, sobre TODO la batería 😐",2
nicolas89,2026-06-16,"  Me gusta bastante, la interfaz funciona bien casi siempre.   😐",4
nicolas830,2026-07-08,  Bien!!   🤔,4
valentina305,2026-07-03,"Tuve varios inconvenientess con el buscador interno, , NO fue buena experiencia",
gabriel806,2026-05-14,"Buena experiencia en general, solo tuve un problemita con laa batería",4
alejandro523,2026-06-13,"PERFECTA, NO LE CAMBIARÍA NADA, LA INTERFAZ FUNCIONA GENIAL",5
santiago408,2026-07-06,"Increiible experiencia de principio a fin, sin ningun problema 🔥",5
paula500,2026-06-19,"Diez de diez, la función de backup superó mis expectativas TOTALMENTE!",5
valentina407,2026-06-27,Me encanta,5
luciana89,2026-06-20,"Bastante conforme, la sincronización es sólido aunque no PERFECTO 🔥! 🤔",4
mateo890,2026-06-16,  Muy buena 😍   🤔,4
daniela423,2026-05-24,MUY BUENA,4
gabriel391,2026-06-19,12345,2
sofia661,2026-05-16,"CUMPLE lo que promete, las actualizaciones anda bien la mayoría del tiempo 🔥. 😐",4
fernanda469,2026-07-02,"Diez de diez, las alertas push superó mis expectativas totalmente",5
renata184,2026-05-01,La amo,5
sofia856,2026-07-04,"Cumple lo que promete, la app en tablet anda bien la mayoria del tiempo ⭐️⭐️⭐️⭐️⭐️ 🤔",?
martin652,2026-05-09,"La peor app que probe, las notificaciones es un  desastre",1
gabriel668,2026-06-17,"La peor app que probe, las alertas push es un desastre 😞...",1
emiliano119,2026-05-18,"Excelente el modo osscuro, funciona perfecto y sin fallas",5
paula649,2026-05-05,"Cumple lo que PROMETE, la velocidad de carga anda bien la mayoria del tiempo. Bastante conforme, las alertas push es solido aunque no perfecto",4
santiago97,2026-05-26,"  Excelente el widget de inicio, , funciona perfecto y sin fallas. Diez de diez, , la interfaz supero mis expectativas totalmente  ",5
juan771,2026-07-04,"Bastante conforme, los anuncios es sólido aunque no perfecto. Muy BUENA app, aunque la batería podría mejorar un poco 💯 😐",4
valentina109,2026-05-09,"Recomendada, aunque esperaba un poco más de las alertas push. Bastante conforme, la interfaz es sólido aunque no perfecto",4
luciana97,2026-06-16,"Diez de diez, la velocidad de carga SUPERÓ mis expectativas totalmente",5
santiago119,2026-07-02,"Me gusta bastante, la interfaz funciona bien casi siempre",4
luciana672,2026-05-12,"Muy buena app, aunque el login podria mejorar un poco. Muy buena app, aunque la sincronización podria mejorar un poco 👏",4
juan251,2026-05-20,,3
daniela982,2026-05-31,"Diez de diez, el modo oscuro superó mis expectativas totalmente. Muy recomendada, la velocidad de carga es justo lo que necesitaba 🙌",5
martin695,2026-06-22,"No me convenció, la velocidad de carga falla seguido. Esperaba más, la batería deja mucho que desear...",2
alejandro432,2026-05-06,"NO ME CONVENCIÓ, EL MODO OSCURO FALLA SEGUIDO!!! 😐",2
alejandro750,2026-06-21,No ME gusto,2
mateo780,2026-06-11,"Excelente el soporte al cliente, , funciona perfecto y sin fallas. Diez de diez, , la velocidad de carga superó MIS expectativas totalmente ⭐️⭐️⭐️⭐️⭐️",5
renata996,2026-06-13,"Diez de diez, , las alertas push superó mis expectativas totalmente. Increíble experiencia de principio a fin, , sin ningún problema",5
juan227,2026-05-20,"  Perfecta, no le cambiaria nada, la app en tablet FUNCIONA genial!!  ",5
gabriel271,2026-06-15,"Cumple lo que promete, ,  el modo oscuro anda bien la mayoría del tiempo",4
daniela386,2026-05-24,"Me gusta bastante, las notificaciones funciona bien casi siempre. Bastante conforme, los anuncios es sólido aunque no perfecto 😍",4
emiliano589,2026-07-07,"Es una app promedio, el login funcciona a veces y a veces no 🤔 🤔",3
sofia748,2026-05-11,"SIMPLEEMENTE LA MEJOR, EL WIDGET DE INICIO NUNCA ME FALLÓ??",5
gabriel138,2026-07-01,"Está bien pero los anuncios le falta pulir. Ni fu ni fa, esperaba más de el soporte al cliente... 😐",3
valeria517,2026-06-11,"Muy recomendada, los anuncios es justo lo que necesitaba. Increíble experiencia de principio a fin, sin ningún problema??",5
martin44,2026-07-03,"  Muy recomendada, la batería es justo lo que necesitaba 😍...  ",5
alejandro525,2026-05-03,"Buena experiencia en general, solo tuvee un problemita con el modo oscuro!",4
andres322,2026-06-20,"  Simplemente la mejor, las actualizaciones nunca me falló!!!  ",5
andres230,2026-06-14,"Tuve varios inconvenientes con el buscador interno, no fue buena experiencia 🤔",2
santiago725,2026-05-20,"NO ME CONVENCIÓ, LOS ANUNCIOS FALLA SEGUIDO",2
valeria442,2026-05-21,  Perfecta!!!  ,5
santiago248,2026-05-10,ESPERABA MAS 😐,2
mateo337,2026-05-01,"Increible experiencia de principio a fin, sin ningun problema 👏",5
diego827,2026-05-01,"Ni fu ni fa, esperaba más de las actualizaciones 🤔??",3
camila572,2026-06-30,  Meh 👎  ,2
santiago961,2026-05-15,"  No la recomiendo, perdi tiempo y dinero por las notificaciones. No lla recomiendo, perdi tiempo y dinero por la velocidad de carga...  ",1
martin93,2026-07-05,"  ME GUSTA BASTANTE,, EL SOPORTE AL CLIENTE FUNCIONA BIEN CASI SIEMPRE  ",4
diego411,2026-05-18,"ES UNA APP PROMEDIO, , LA FUNCIÓN DE BACKUP FUNCIONA A VECES Y A VECES NO!!",3
paula150,2026-05-01,"  Está bien pero la interfaz le falta pulir. Ni fu ni fa, esperaba más de la app en tablet  ",3
emiliano473,2026-05-28,"La mejor app que probé en mucho tiempo, la sincronización funciona INCREÍBLE 😍!!!",5
sofia259,2026-07-10,"La mejor app que probe en mucho tiempo, las notificaciones funciona increible 🤔",5
martin489,2026-06-20,"   ME GUSTA BASTANTE, EL BUSCADOR INTERNO FUNCIONA BIEN CASI SIEMPRE!!!   ",4
diego948,2026-06-17,  Está bien pero el modoo oscuro le falta pulir  ,3
mateo606,2026-05-17,"Simplemente la mejor, el widget de inicio nunca me falló 🤔",5
fernanda978,2026-05-12,"  ME ENCANTA FLOWAPP, , SOBRE TODO LAS NOTIFICACIONES, , LA USO TODOS LOS DÍAS 👏  ",5
alejandro517,2026-05-27,"Regular, tiene cosas buenas pero los anuncios me generó dudas 🤔",3
andres317,2026-05-27,"Esperaba más, la sincronizacion deja mucho que desear 😞!",2
juan527,2026-06-23,"  Está bien pero el widget de inicio le falta pulir. Es una app promedio, el precio de la suscripcion funciona a veces y a veces no  ",3
sofia545,2026-07-06,"Muy recomendada, los anuncios es justo lo que necesitaba. La mejor app que probé en mucho tiempo, la app en tablet funciona increíble 😍",5
valentina818,2026-06-21,"Muy buena app, aunque la app en tablet podria mejorar un poco ⭐️⭐️⭐️⭐️⭐️ 🤔",4
carolina808,2026-06-25,"Regular, tiene cosas buenas pero la funcion de backup me genero dudas 😐.",3
mateo575,2026-05-27,"  Muy recomendada, la app en tablet es justo lo que necesitaba. Simplemente la mejor, el soporte al cliente nunca me falló  ",5
renata610,2026-07-06,"  ES UNA APP PROMEDIO, , LAS NOTIFICACIONES FUNCIONA A VECES Y A VECESS NO   😐",3
juan394,2026-06-12,"Regular, , tiene cosas buenas pero la app en tablet me generó dudas",7
renata800,2026-06-17,"  Diez de diez, el busscador interno superó mis expectativas totalmente  ",5
andres8,2026-06-13,"Increible experiencia de principio a fin, sin ningun problema. Excelente la velocidad de carga, funciona perfecto y sin fallas",5
valeria144,2026-05-29,"Excelente los anuncios, , funciona perfecto y sin fallas",5
alejandro686,2026-06-02,"CUMPLE LO QUE PROMETE, EL SOPORTE AL CLIENTE ANDA BIEN LA MAYORIA DEL TIEMPO. MUY BUENA APP, AUNQUE LAS NOTIFICACIONES PODRIA MEJORAR UN POCO 💯",4
andres778,2026-07-06,Recomendada... 😐,4
emiliano856,2026-07-10,"ESPERABA MÁS, EL SOPORTE AL CLIENTE DEJA MUCHO QUE DESEAR 🤔",2
emiliano726,2026-07-06,"SIMPLEMENTE LA MEJOR, , EL WIDGET DE INICIO NUNCA ME FALLÓ",5
sofia748,2026-05-11,"SIMPLEEMENTE LA MEJOR, EL WIDGET DE INICIO NUNCA ME FALLÓ??",5
renata255,2026-06-21,"La mejor app que probe en mucho tiempo, el precio de la suscripcion funciona increible. Muy recomendada, la interfaz es justo lo que necesitaba!!",5
renata516,2026-05-31,"  Bastante conforme, el precio DE laa suscripción es sólido aunque no perfecto. Buena experiencia en general, solo tuve un problemita con las notificaciones 💯!!  ",
paula570,2026-07-03,  Bien!!!  ,4
juan458,2026-07-03,"  Muy buena app, aunque las alertas push podría mejorar un poco. Buena experiencia en general, solo tuve un problemita con la velocidad de carga 💯   😐",4
paula868,2026-05-07,"ME gusta bastante, la función de backup funciona bien casi siempre. Recomendada, aunque esperaba un poco más de el login...",4
daniela850,2026-06-30,"  Me gusta bastante,  las notificaciones funciona bien casi siempre  ",4
santiago105,2026-05-27,"NI FU NI FA, , ESPERABA MÁS DE ELL MODO OSCURO",3
carolina520,2026-06-24,"EXCELENTE LA SINCRONIZACIÓN, FUNCIONA PERFECTO Y SIN FALLAS 💯",5
fernanda174,2026-05-30,Contento con la app 🤔,4
santiago205,2026-07-06,"Bastante conforme, el login es sólido aunque no perfecto??",4
nicolas556,2026-06-16,Esta bien pero las notificaciones le faltaa pulir??,3
juan885,2026-05-12,"Tuve varios inconvenientes con las notificaciones, no fue buena experiencia. Esperaba más, la interfaz deja mucho que desear",2
diego396,2026-07-05,"Cumple lo que promete, la batería anda bien la mayoría del tiempo. Buena experiencia en general, solo tuve un problemita con la interfaz 🙌",4
camila258,2026-05-03,"Perfecta, no le cambiaría nada, la interfaz funciona genial. Diez de diez, el modo oscuro superó mis expectativas totalmente.",5
renata291,2026-05-01,"Muy recomendada, la app en tablet es justo lo que necesitaba. Excelente la velocidad de carga, funciona perfecto y sin fallas.",5
gabriel763,2026-05-27,Genial app,5
santiago781,2026-05-21,Muy buena...,4
paula323,2026-07-03,"  Muy buena app, aunque llas alertas push podría mejorar un poco 😍  ",4
nicolas901,2026-06-04,"  Simplemente la mejor, las alertas push nunca me FALLÓ  ",5
sofia427,2026-06-14,"Muy buena app, aunque el modo oscuro podría mejorar un poco. BUENA experiencia en general, solo tuve un problemita con el buscador interno 🔥...",4
alejandro478,2026-07-01,"No me convenció, los anuncios falla seguido. Bastante DECEPCIONANTE, sobre todo las actualizaciones",2
juan948,2026-06-01,"Me gusta bastante, el widget de inicio funciona bien casi siempre. Cummple lo que promete, el widget DE inicio anda bien la mayoría del tiempo 😍",4
carolina547,2026-05-19,"Tuve varios inconvenientes con los anuncios, no fue buena experiencia",2
nicolas199,2026-06-14,Perfecta!!,5
alejandro212,2026-05-06,TERRIBLE APP,1
juan510,2026-07-06,Excelente!!??,5
camila109,2026-06-14,"INCREÍBLE EXPERIENCIA DE PRINCIPIO A FIN, SIN NINGÚN PROBLEMA. DIEZ DE DIEZ, LAS ACTUALIZACIONES SUPERÓ MIS EXPECTATIVAS TOTALMENTE ⭐️⭐️⭐️⭐️⭐️?? 🤔",5
mateo420,2026-05-20,"Perfecta, no le cambiaría nada, la batería funciona genial!!!",5
mateo667,2026-05-21,"Ni fu ni fa, esperaba más DE la velocidad de carga",3
carolina408,2026-07-01,"Excelente la interfaz, funciona perfecto y sin fallas",5
valentina144,2026-07-01,"Me encanta FlowApp, , sobre todo la batería, , la uso todos los días",5
valeria897,2026-06-09,EXCELENTE!!,5
santiago686,2026-05-15,"La mejor app que probe en mucho tiempo, , el soporte al cliente funciona increíble",5
martin677,2026-06-02,"Muy buena app, aunque la app en tablet podría mejorar un poco...",4
martin134,2026-05-13,"  Excelente la app en tablet, funciona perfecto y sin fallas   🤔",5
renata499,2026-05-09,"Perfecta, no le cambiaría nada, la batería funciona genial 👏 🤔",5
paula544,2026-05-09,"DIEZ DE DIEZ, LA VELOCIDAD DE CARGA SUPERÓ MIS EXPECTATIVAS TOTALMENTE. LA MEJOR APP QUE PROBÉ EN MUCHO TIEMPO, EL PRECIO DE LA SUSCRIPCIÓN FUNCIONA INCREÍBLE",5
gabriel481,2026-06-30,"  Excelente EL login, , funciona perfecto y sin fallas   🤔",5
daniela809,2026-06-10,,2
emiliano122,2026-05-02,,3
renata688,2026-05-15,"Buena experiencia en general, solo tuve un problemita con la app en tablet. Me gusta bbastante, las alertas push funciona bien casi siempre",4
camila350,2026-05-20,"Es una app promedio, la sincronización funciona a veces y a VECES no. Cumple lo básico nada más, los anuncios necesita trabajo",3
andres464,2026-06-06,Excelente!!.,5
gabriel282,2026-07-06,"No la recomiendo, perdí tiempo y dinero poor el buscador interno. No LA recomiendo, perdí tiempo y dinero por el buscador interno",1
andres140,2026-06-05,  Recomendada   🤔,4
sofia5,2026-05-18,"Está bien pero el login le falta pulir. Es una app promedio, , las ACTUALIZACIONES funciona a veces y a veces no",3
valeria367,2026-06-01,"Increible experiencia de principio a fin, sin ningun problema",5
alejandro94,2026-06-20,"Muy recomendada, las alertas push es justo lo que necesitaba ⭐️⭐️⭐️⭐️⭐️",5
diego551,2026-05-03,"Cumple lo básico nada más, , la función de backup necesita trabajo",3
fernanda259,2026-05-03,"Me gusta bastante, , la sincronización funciona bien casi siempre 😐",4
renata189,2026-07-08,Muy buena,4
fernanda752,2026-07-03,"Muy buena app, aunque las notificaciones podria mejorar un poco. Muy buena app, aunque el buscador interno podria mejorar un poco 🔥",4
alejandro811,2026-05-16,"  Increíble experiencia de principio a fin, , sin ningún problema. La mejor app que probé en mucho tiempo, , las notificaciones funciona increíble  ",5
renata903,2026-05-01,"Excelente la app en tablet, funciona perfecto Y sin fallas. Muy recomendada, la app en tablet es justo lo que necesitaba",5
paula860,2026-05-19,"Terrible, EL precio de la suscripcion se rompe constantemente. La peor app que probé, la velocidad de carga es un desastre??",1
carolina473,2026-05-16,,5
juan588,2026-07-06,"NI fu ni fa, esperaba más de la interfaz 😐",6
renata505,2026-05-07,,4
juan255,2026-05-25,"La mejor app que probé en mucho tiempo, el widget de inicio funciona increíble",5
nicolas768,2026-06-29,"Recomendada, aunque esperaba un poco más DE los anuncios 👏...",4
gabriel729,2026-06-19,Recomendada...,4
santiago436,2026-07-06,"TERRIBLE, LAS NOTIFICACIONESS SE ROMPE CONSTANTEMENTE 😞!!!",1
fernanda439,2026-05-01,Perfecta 🤔,5
diego432,2026-05-11,"Simplemente la mejor, LOS anuncios nunca me falló",5
martin912,2026-05-30,"LA PEOR APP QUE PROBE, EL WIDGET DE INICIO ES UN DESASTRE!!!",1
valeria255,2026-05-24,"  BASTANTE DECEPCIONANTE, SOBRE TODO LAS NOTIFICACIONES. BASTANTE DECEPCIONANTE, SOBRE TODO EL LOGIN  ",2
valeria397,2026-05-27,"  Diez de diez, la sincronizacion supero mis expectativas totalmente 🙌  ",5
valentina412,2026-05-04,  Está bien pero la función de backup le falta pulir 😐   😐,3
santiago506,2026-06-16,"  DECEPCIONANTE TOTAL, LA SINCRONIZACIÓN ARRUINA TODA LA EXPERIENCIA. PÉSIMA EXPERIENCIA, LAS ALERTAS PUSH NO FUNCIONA PARA NADA   🤔",1
mateo568,2026-07-03,"Cumple lo que promete, el modo oscuro anda bien la mayoria del tiempo. Muy buena app, aunque la funcion de backup podria mejorar un poco",4
camila614,2026-06-16,"  Excelente la app en tablet, funciona perfecto y sin fallas. Diez de diez, la bateria supero mis expectativas totalmente  ",5
daniela298,2026-07-01,"Excelente las notificaciones, funciona perfecto y sin fallas. Increible experiencia de principio a fin, sin ningún problema",5
valentina922,2026-06-09,"Bastante conforme, las alertas push es sólido aunque no perfecto. Cumple lo que promete, la FUNCIÓN de backup anda bien la mayoría del tiempo 🙌",4
santiago751,2026-06-18,"Increíble experiencia de principio a fin, sin ningún problema 😐",5
luciana612,2026-05-04,"TUVE VARIOS INCONVENIENTES CON EL LOGIN, , NO FUE BUENA EXPERIENCIA. ESPERABA MÁS, , LAS ALERTAS PUSH DEJA MUCHO QUUE DESEAR!! 😐",2
alejandro789,2026-06-22,"La mejor app que probé en mucho tiempo, las alertas push funciona increíble. Me encanta FlowApp, sobre todo el login, la uso todos los días",5
camila85,2026-05-23,"Diez de diez, el precio de la suscripción superó mis expecttativas totalmente",5
luciana886,2026-05-14,"ES UNA APP PROMEDIO, LA INTERFAZ FUNCIONA A VECES Y A VECES NO!",3
juan605,2026-05-18,,4
emiliano786,2026-05-06,"Bastante conforme, el soporte al cliente es sólido aunque no perfecto. Me gusta bastante, el modo oscuro funciona bien casi siempre! 🤔",4
emiliano535,2026-07-09,12345,3
valentina123,2026-06-30,"  Me encanta FlowApp, sobre todo el login, la uso todos los días??  ",5
daniela455,2026-05-05,"La peor app que probé, la batería es un desastre 😞!!! 🤔",1
nicolas211,2026-07-05,"Cumple lo básico nada más, la app en tablet necesita trabajo?? 🤔",3
juan791,2026-05-03,Regular 🤔,3
juan771,2026-07-04,"Bastante conforme, los anuncios es sólido aunque no perfecto. Muy BUENA app, aunque la batería podría mejorar un poco 💯 😐",4
fernanda401,2026-05-19,"BUENA EXPERIENCIA EN GENERAL, SOLO TUVE UN PROBLEMITA CON LA VELOCIDAD DE CARGA 😍",4
emiliano552,2026-06-25,"Cumple lo que promete, , la app en tablet anda bien la mayoría del tiempo",4
juan606,2026-06-29,"Me encanta FlowApp, , sobre todo el login, , la uso todos los días. Excelente las alertas push, , funciona perfecto yy sin fallas",5
fernanda962,2026-05-01,"Increíble experiencia de principio a fin, sin ningún problema 💯",5
nicolas493,2026-05-26,"  Me encanta FlowApp, , sobre todo la función de backup, , la uso todos los días. Diez de diez, , la velocidad de carga superó mis expectativas totalmente  ",5
gabriel859,2026-06-26,"Tuve varios inconvenientes con la función de backup, no fue buena experiencia",2
valeria553,2026-06-21,"Recomendada, aunque esperaba un poco mas de la app en tablet",N/A
nicolas942,2026-06-18,Bien,cinco
valentina901,2026-06-19,Recommendada 😍,4
emiliano189,2026-07-08,"Me gusta bastante, la app en tablet funciona bien casi siempre!",4
valentina767,2026-07-04,"Pésima experiencia, la SINCRONIZACIÓN no funciona para nada??",1
daniela819,2026-05-05,  RECOMENDADA 🙌  ,4
emiliano525,2026-05-23,  Meh  ,2
alejandro709,2026-06-30,"LA MEJOR APP QUE PROBÉ EN MUCHO TIEMPO, LAS ALERTAS PUSH FUNCIONA INCREÍBLE 🔥",5
diego186,2026-05-07,"  Increíbble experiencia de principio a fin, sin ningun problema. Me encanta FlowApp, sobre todo el login, la uso todos los días...   😐",5
valentina151,2026-06-17,"  Recomendada, auunque esperaba un poco más de la función de backup??  ",4
mateo695,2026-05-12,"Terrible, el soporte al cliente se rompe constantemente...",1
daniela817,2026-06-25,"Ni fu ni fa, esperaba mas de el login...",3
mateo116,2026-07-06,La amo 🙌. 🤔,5
daniela588,2026-07-03,"  Me encanta FlowApp, sobre todo la interfaz, la uso todos los días??   😐",5
sofia871,2026-05-14,"  Buena experiencia en general, solo tuve un problemita con el buscador interno. Buena experiencia en general, solo tuve un problemita con el login!  ",4
alejandro992,2026-07-02,Buenísima 🤔,5
renata120,2026-06-29,Recomendada. 🤔,cinco
valeria841,2026-07-06,  Contento con la app  ,4
renata218,2026-05-13,"Recomendada, aunque esperaba un poco mas de el modo oscuro!!",4
daniela900,2026-06-13,"ME GUSTA BASTANTE, , LA INTERFAZ FUNCIONA BIEN CASI SIEMPRE!",4
diego34,2026-05-12,"  ME GUSTA BASTANTE, EL PRECIO DE LA SUSCRIPCIÓN FUNCIONA BIEN CASI SIEMPRE. BUENA EXPERIENCIA EN GENERAL, SOLO TUVE UN PROBLEMITA CON LOS ANUNCIOS 🔥...  ",4
camila81,2026-05-10,Perfecta,5
carolina565,2026-06-13,PODRIA MEJORAR,3
alejandro484,2026-06-18,"Perfecta, no le cambiaría nada, las alertas push funciona genial. Simplemente la mejor, la velocidad de carga nunca me falló!!",5
gabriel486,2026-07-09,"   LA MEJOR APP QUE PROBÉ EN MUCHO TIEMPO, EL PRECIO DE LA SUSCRIPCIÓN FUNCIONA INCREÍBLE!!!   ",5
diego896,2026-06-04,"  Buena experiencia en general, solo tuve un problemita con la app en tablet 💯  ",4
diego982,2026-07-02,Esta bien pero el soporte al cliente le falta pulir,3
daniela309,2026-05-17,"  Excelente las alertas push, funciona perfecto y ssin fallas  ",5
alejandro478,2026-07-01,"No me convenció, los anuncios falla seguido. Bastante DECEPCIONANTE, sobre todo las actualizaciones",2
valentina758,2026-06-07,Perfecta??,5
emiliano463,2026-06-30,Esperaba mas 🙄,2
juan108,2026-06-28,  BIEN 🙌   😐,4
valeria514,2026-06-24,"BUENA EXPERIENCIA EN GENERAL, SOLO TUVE UN PROBLEMITA CON LAS NOTIFICACIONES. BASTANTE CONFORME, EL LOGIN ES SOLIDO AUNQUE NO PERFECTO 👏...",4
valeria730,2026-05-09,"  Cumple lo que promete, las actualizaciones annda BIEN la mayoría del tiempo   😐",4
daniela439,2026-07-05,"  TERRIBLE, LAS ALERTAS PUSH SE ROMPE CONSTANTEMENTE 😞  ",1
valentina978,2026-06-05,"Cumple lo que promete, la batería anda bien la mayoría del tiempo",4
fernanda593,2026-05-19,"Bastante conforme, , las notificaciones es sólido aunque no perfecto...",4
renata797,2026-05-26,"Bastante conforme, el soporte al cliente es sólido aunque no perfecto ⭐️⭐️⭐️⭐️⭐️?? 🤔",4
juan36,2026-06-04,"Muy recomendada, las notificaciones es justo lo que necesitaba!!! 😐",5
mateo338,2026-05-14,"Simplemente la mejor, el login nunca me fallo 😍",5
luciana392,2026-05-13,Recomendada,4
valentina713,2026-06-03,"Es una app promedio, la función de backup funciona a veces y A veces no",3
paula825,2026-06-29,"NI FU NI FA, ESPERABA MAS DE LA VELOCIDAD DE CCARGA 😐",3
emiliano327,2026-05-23,Recomendada,4
daniela291,2026-06-23,"  Me gusta bastante, , la velocidad DE carga funciona bien casi siempre  ",cinco
mateo78,2026-05-22,"NO LA RECOMENDARIA DEL TODO, EL WIDGET DE INICIO TIENE MUCHOS PROBLEMAS",2
renata403,2026-05-30,"La mejor app que probé enn mucho tiempo, la función de backup funciona increíble 🔥",5
diego718,2026-06-23,"Diez de diez, el precio de la suscripción superó mis expectativas totalmente",5
juan393,2026-06-02,"Diez de diez, las notificaciones supero mis expectativas totalmente. Excelente las actualizaciones, funciona perfecto y sin fallas!!",5
martin779,2026-05-24,"Me gusta bastante, el buscador interno funciona bien casi siempre",4
gabriel497,2026-06-18,"ESPERABA más, , la velocidad de carga deja mucho que desear",2
mateo344,2026-07-08,"Buena experiencia en general, solo tuve un problemita con el buscador interno",4
valeria926,2026-05-28,"  Cumple lo que promete, el login anda bien la mayoría del tiempo!  ",4
daniela694,2026-06-08,"Simplemente la mejor, la batería nunca me falló",5
camila884,2026-05-30,"Pésima experiencia, las actualizaciones no funciona para nada",1
renata57,2026-05-26,"  Regular, tiene cosas buenas peero las notificaciones me generó dudas  ",3
diego271,2026-05-16,  Está bien pero  los anuncios le falta pulir   🤔,3
gabriel951,2026-05-20,"  Recomendada, aunque esperaba un poco más de las alertas push  ",4
santiago49,2026-05-16,"Muy buena app, aunque los anuncios podría mejorar un poco 🤔",?
luciana121,2026-06-19,"Muy recomendada, la app en tablet es justo lo que necesitaba 💯.",5
diego774,2026-06-29,,4
sofia215,2026-07-03,"  ESPERABA más, , el modo oscuro deja mucho que desear!  ",2
camila732,2026-06-03,"La mejor app que probe en mucho tiempo, el precio de la suscripcion funciona increible 🤔",5
renata536,2026-05-31,"La mejor app que probe en mucho ttiempo, la funcion de backup funciona increible.",5
valeria357,2026-05-13,No me gusto!!,2
luciana109,2026-07-05,"Recomendada, aunque esperaba un poco más de el login. Muy buena app, aunque la sincronización podría mejorar un poco!",4
daniela869,2026-06-11,,5
valentina935,2026-05-03,"Excelente los anuncios, funciona perfecto y sin fallas",5
alejandro159,2026-06-13,"  Cumple lo que promeete, la bateria anda bien la mayoria del tiempo   😐",4
valeria459,2026-07-04,  Perfecta   😐,5
luciana917,2026-05-05,"  ME GUSTA BASTANTE, , EL LOGIN FUNCIONA BIEN CASI SIEMPRE. CUMPLE LO QUE PROMETE, , LA INTERFAZ ANDA BIEN LA MAYORÍA DEL TIEMPO  ",4
daniela846,2026-05-28,Recomendada,4
mateo642,2026-07-05,Contento con la app!!!,4
emiliano407,2026-06-10,"Muy recomendada, las notificaciones es justo lo que necesitaba",5
diego766,2026-07-01,"BUENA EXPERIENCIA EN GENERAL, SOLO TUVE UN PROBLEMITA CON LAS NOTIFICACIONES",4
fernanda254,2026-05-18,"Regular, tiene cosas buenas pero las notificaciones me generó dudas. Es una app promedio, el widget de inicio funciona a veces y a veces no??",3
sofia980,2026-06-04,"Regular, tiene cosas buenas pero la bateria me genero dudas. Está bien pero el login le falta pulir",3
valeria86,2026-05-10,"PERFECTA, NO LE CAMBIARÍA NADA, EL WIDGET DE INICIO FUNCIONA GENIAL...",5
daniela793,2026-06-24,"La mejor app que probe en mucho tiempo, , la función de backup funciona INCREIBLE",5
martin794,2026-07-05,"Está bien pero la interfaz le falta pulir. Ni fu ni fa, , esperaba más de la batería 🤔",3
juan348,2026-06-08,"Cumple lo que promete, la batería anda bien la mayoría del tiempo",4
paula692,2026-05-06,"Simplemente la mejor, el soporte al cliente nunca me falló 🔥.",5
renata968,2026-06-04,"Increíble experiencia de principio a fin, sin ningún problema. Increíble experiencia de principio a fin, sin ningún problema",5
camila145,2026-05-27,"Tuve varios inconvenientes con la función de backup, no fue buena experiencia...",2
nicolas21,2026-07-02,"Me gusta bastante, , el soporte al cliente funciona bienn casi siempre 🤔",4
juan778,2026-06-05,,4
emiliano822,2026-05-28,"Me ENCANTA FlowApp, sobre todo los anuncios, la uso todos los días",5
martin159,2026-05-20,"  Ni fu ni fa, , esperaba más de la función de backup. Ni fu ni fa, , esperaba más de el soporte al CLIENTE...  ",3
emiliano656,2026-07-02,"  PERFECTA, NO LE CAMBIARÍA NADA, LAS ALERTAS PUSH FUNCIONA GENIAL. INCREÍBLE EXPERIENCIA DE PRINCIPIO A FIN, SIN NINGÚN PROBLEMA 😍  ",5
santiago401,2026-05-05,"  Es una app promedio, la velocidad de carga funciona a veces y a veces no. Cumple lo básico nada más, la sincronización necesita trabajo 🤔!!!  ",3
gabriel883,2026-06-14,"  Increíble experiencia de principio a fin, sin ningún problema. Muy recomendada, las notificaciones es justo lo que necesitaba  ",5
carolina216,2026-05-30,Me encanta 👏.,5
diego928,2026-06-22,Esta bien pero el soporte al cliente le faltta pulir!!,3
mateo446,2026-05-30,"Me gusta bastante, el modo oscuro funciona bien casi siempre",4
fernanda347,2026-06-01,Esperaba mmas?? 😐,2
daniela773,2026-06-28,"Bastante conforme, la función de backup es sólido aunque no perfecto",4
valentina266,2026-06-10,,3
nicolas985,2026-06-12,"  DECEPCIONANTE TOTAL, , EL MODO OSCURO ARRUINA TODA LA EXPERIENCIA. NO LA RECOMIENDO, , PERDI TIEMPO Y DINERO POR EL SOPORTE AL CLIENTE  ",1
valeria416,2026-05-31,"Cumple lo básico nada más, el buscador interno necesita trabajo. Es una app promedio, la sincronización funciona a veces y a veces no 😐",3
luciana691,2026-05-12,,3
santiago678,2026-06-20,No la USO mas 😞... 🤔,1
juan809,2026-05-10,Bien 🔥,4
santiago530,2026-05-23,"ME GUSTA BASTANTE, EL SOPORTE AL CLIENTE FUNCIONA BIEN CASI SIEMPRE",4
martin431,2026-05-10,"Simplemente la mejor, el modo oscuro nunca ME falló",5
sofia543,2026-05-14,"Increíble experiencia de principio a fin, sin ningún problema",5
paula591,2026-05-08,"LA MEJOR APP QUE PROBE EN MUCHO TIEMPO, LAS ALERTAS PUSH FUNCIONA INCREÍBLE 🙌",5
carolina924,2026-05-06,"   RECOMENDADA, AUNQUE ESPERABA UN POCO MÁS DE LA BATERÍA!!!   ",4
nicolas144,2026-05-01,BIEN,4
gabriel701,2026-05-11,"Muy buena app, aunque el precio de la suscripción podria mejorar un poco",
nicolas921,2026-07-06,"Diez de diez, la app en tablet superó mis expectativas totalmente. Muy recomendada, el buscador interno es justo lo que necesitaba ⭐️⭐️⭐️⭐️⭐️",5
nicolas966,2026-05-25,"RECOMENDADA, AUNQUE ESPERABA UN POCO MÁS DE EL SOPORTE AL CLIENTE. MUY BUENA APP, AUNQUE LA APP EN TABLET PODRÍA MEJORAR UN POCO",4
renata731,2026-06-07,,4
santiago857,2026-05-31,"SIMPLEMENTE LA MEJOR, EL WIDGET DE INICIO NUNCA ME FALLO 👏",5
valeria397,2026-05-27,"  Diez de diez, la sincronizacion supero mis expectativas totalmente 🙌  ",5
carolina887,2026-06-25,"No la recomendaria del todo, el modo oscuro tiene muchos problemas",2
carolina981,2026-07-07,"Es una app promedio, el buscador interno funciona a veces y a veces no??",3
santiago477,2026-05-29,"Muy recomendada, la batería es justo lo que necesitaba!",5
fernanda222,2026-05-13,"No la recomendaria del todo, el widget de inicio tiene muchos problemas. Tuve varios inconvenientes con las alertas push, no fue buena experiencia!! 🤔",2
luciana376,2026-05-09,"  Recomendada, aunque esperaba un poco más de el precio de la suscripción. Muy buena app, aunque la interfaz podría mejorar un poco  ",4
diego916,2026-06-29,  Meh??  ,2
gabriel637,2026-05-28,Excelente!! 🙌,5
daniela447,2026-05-14,"Buena experiencia en general, solo tuve un problemita con las notificaciones",4
luciana510,2026-05-27,"Diez de diez, las alertas push superó mis expectativas totalmente 😐",5
luciana284,2026-07-05,"La mejor app que probé en mucho tiempo, , la función de backup funciona increíble. La mejor app que probé en mucho tiempo, , el widget de inicio funciona increíble.",5
valentina759,2026-05-14,"Perfecta, no le cambiaría nada, el buscador interno funciona genial",5
luciana846,2026-06-18,"La mejor app que probé en mucho tiempo, la interfaz funciona inccreíble",5
emiliano413,2026-06-21,"  Me gusta bastante, el buscador interno funciona bien casi siempre  ",4
martin276,2026-06-10,"Perfectaa, , no LE cambiaria nada, , los anuncios funciona genial",5
santiago482,2026-05-26,"REGULAR, TIENE COSAS BUENAS PERO EL LOGIN ME GGENERÓ DUDAS",3
luciana234,2026-05-17,"BASTANTE  CONFORME, EL WIDGET DE INICIO ES SÓLIDO AUNQUE NO PERFECTO 🔥",4
luciana751,2026-05-15,"  Me encanta FlowApp, , sobre todo el modo oscuro, , la uso todos los días. Simplemente la mejor, , las notificaciones nunca me falló   😐",5
paula901,2026-05-07,,5
nicolas761,2026-07-02,Regular 🤔,
emiliano130,2026-06-21,"No la recomendaría del todo, EL widget de inicio tiene muchos problemas",2
mateo894,2026-06-24,,3
juan5,2026-06-14,"Simplemente la mejor, el precio de la suscripción nunca me falló!! 🤔",5
alejandro560,2026-06-20,"Muy recomendada, , el soporte al cliente es justo lo que necesitaba 🤔",5
sofia155,2026-05-29,"  Diez de diez, la batería superó mis expectativas totalmente  ",5
sofia699,2026-06-25,Genial app 👏,5
mateo170,2026-05-18,"   BASTANTE CONFORME, LA FUNCIÓN DE BACKUP ES SÓLIDO AUNQUE NO PERFECTO!!!   ",4
sofia182,2026-05-29,"  Me gusta bastante, , la función de backup funciona bien casi siempre...  ",4
luciana767,2026-05-06,La amo!! 🤔,5
fernanda523,2026-05-03,"Me gusta bastante, el login funciona bien casi siempre 🔥.",4
valeria420,2026-05-09,"Perfecta, no le cambiaria nada, la bateria funciona genial...",5
camila743,2026-06-03,"No me convenció, la interfaz falla seguido 🤔",2
valeria280,2026-05-12,"  Muy BUENA app, aunque la sincronizacion podria mejorar un poco  ",4
renata179,2026-05-13,Está bien pero eel precio de la suscripción le falta pulir,3
